-- MySQL Script generated by MySQL Workbench
-- Fri Jun 26 20:19:19 2026
-- Model: New Model    Version: 1.0
-- MySQL Workbench Forward Engineering

SET @OLD_UNIQUE_CHECKS=@@UNIQUE_CHECKS, UNIQUE_CHECKS=0;
SET @OLD_FOREIGN_KEY_CHECKS=@@FOREIGN_KEY_CHECKS, FOREIGN_KEY_CHECKS=0;
SET @OLD_SQL_MODE=@@SQL_MODE, SQL_MODE='ONLY_FULL_GROUP_BY,STRICT_TRANS_TABLES,NO_ZERO_IN_DATE,NO_ZERO_DATE,ERROR_FOR_DIVISION_BY_ZERO,NO_ENGINE_SUBSTITUTION';

-- -----------------------------------------------------
-- Schema fithub_app
-- -----------------------------------------------------

-- -----------------------------------------------------
-- Schema fithub_app
-- -----------------------------------------------------
CREATE SCHEMA IF NOT EXISTS `fithub_app` DEFAULT CHARACTER SET utf8mb4 ;
USE `fithub_app` ;

-- -----------------------------------------------------
-- Table `fithub_app`.`users`
-- -----------------------------------------------------
CREATE TABLE IF NOT EXISTS `fithub_app`.`users` (
  `id` INT NOT NULL AUTO_INCREMENT,
  `first_name` VARCHAR(100) NOT NULL,
  `last_name` VARCHAR(100) NOT NULL,
  `email` VARCHAR(255) NOT NULL,
  `password` VARCHAR(255) NOT NULL,
  `role` ENUM('admin', 'customer') NOT NULL DEFAULT 'customer',
  `status` ENUM('active', 'inactive') NOT NULL DEFAULT 'active',
  `created_at` TIMESTAMP NOT NULL DEFAULT CURRENT_TIMESTAMP,
  `updated_at` TIMESTAMP NOT NULL DEFAULT CURRENT_TIMESTAMP
ON UPDATE CURRENT_TIMESTAMP,
  PRIMARY KEY (`id`))
ENGINE = InnoDB;

CREATE UNIQUE INDEX `email_UNIQUE` ON `fithub_app`.`users` (`email` ASC);


-- -----------------------------------------------------
-- Table `fithub_app`.`categories`
-- -----------------------------------------------------
CREATE TABLE IF NOT EXISTS `fithub_app`.`categories` (
  `id` INT NOT NULL AUTO_INCREMENT,
  `name` VARCHAR(100) NOT NULL,
  `status` ENUM('active', 'inactive') NOT NULL DEFAULT 'active',
  `created_at` TIMESTAMP NOT NULL DEFAULT CURRENT_TIMESTAMP,
  `updated_at` TIMESTAMP NOT NULL DEFAULT CURRENT_TIMESTAMP
ON UPDATE CURRENT_TIMESTAMP,
  PRIMARY KEY (`id`))
ENGINE = InnoDB;

CREATE UNIQUE INDEX `name_UNIQUE` ON `fithub_app`.`categories` (`name` ASC) ;


-- -----------------------------------------------------
-- Table `fithub_app`.`products`
-- -----------------------------------------------------
CREATE TABLE IF NOT EXISTS `fithub_app`.`products` (
  `id` INT NOT NULL AUTO_INCREMENT,
  `category_id` INT NOT NULL,
  `name` VARCHAR(255) NOT NULL,
  `description` TEXT NULL,
  `brand` VARCHAR(100) NULL,
  `status` ENUM('active', 'inactive') NOT NULL DEFAULT 'active',
  `created_at` TIMESTAMP NOT NULL DEFAULT CURRENT_TIMESTAMP,
  `updated_at` TIMESTAMP NOT NULL DEFAULT CURRENT_TIMESTAMP
ON UPDATE CURRENT_TIMESTAMP,
  PRIMARY KEY (`id`),
  CONSTRAINT `fk_products_categories`
    FOREIGN KEY (`category_id`)
    REFERENCES `fithub_app`.`categories` (`id`)
    ON DELETE RESTRICT
    ON UPDATE CASCADE)
ENGINE = InnoDB;

CREATE INDEX `fk_products_categories_idx` ON `fithub_app`.`products` (`category_id` ASC) ;


-- -----------------------------------------------------
-- Table `fithub_app`.`product_variants`
-- -----------------------------------------------------
CREATE TABLE IF NOT EXISTS `fithub_app`.`product_variants` (
  `id` INT NOT NULL AUTO_INCREMENT,
  `product_id` INT NOT NULL,
  `variant_name` VARCHAR(100) NOT NULL,
  `sku` VARCHAR(100) NOT NULL,
  `price` DECIMAL(10,2) NOT NULL,
  `stock_quantity` INT NOT NULL DEFAULT 0,
  `status` ENUM('active', 'inactive') NOT NULL DEFAULT 'active',
  `created_at` TIMESTAMP NOT NULL DEFAULT CURRENT_TIMESTAMP,
  `updated_at` TIMESTAMP NOT NULL DEFAULT CURRENT_TIMESTAMP
ON UPDATE CURRENT_TIMESTAMP,
  PRIMARY KEY (`id`),
  CONSTRAINT `fk_product_variants_products1`
    FOREIGN KEY (`product_id`)
    REFERENCES `fithub_app`.`products` (`id`)
    ON DELETE RESTRICT
    ON UPDATE CASCADE)
ENGINE = InnoDB;

CREATE UNIQUE INDEX `sku_UNIQUE` ON `fithub_app`.`product_variants` (`sku` ASC) ;

CREATE INDEX `fk_product_variants_products1_idx` ON `fithub_app`.`product_variants` (`product_id` ASC) ;


-- -----------------------------------------------------
-- Table `fithub_app`.`product_images`
-- -----------------------------------------------------
CREATE TABLE IF NOT EXISTS `fithub_app`.`product_images` (
  `id` INT NOT NULL AUTO_INCREMENT,
  `product_id` INT NOT NULL,
  `image_path` VARCHAR(255) NOT NULL,
  `is_primary` TINYINT NOT NULL DEFAULT 0,
  `created_at` TIMESTAMP NOT NULL DEFAULT CURRENT_TIMESTAMP,
  PRIMARY KEY (`id`),
  CONSTRAINT `fk_product_images_products1`
    FOREIGN KEY (`product_id`)
    REFERENCES `fithub_app`.`products` (`id`)
    ON DELETE CASCADE
    ON UPDATE CASCADE)
ENGINE = InnoDB;

CREATE INDEX `fk_product_images_products1_idx` ON `fithub_app`.`product_images` (`product_id` ASC) ;


-- -----------------------------------------------------
-- Table `fithub_app`.`shipping_addresses`
-- -----------------------------------------------------
CREATE TABLE IF NOT EXISTS `fithub_app`.`shipping_addresses` (
  `id` INT NOT NULL AUTO_INCREMENT,
  `user_id` INT NOT NULL,
  `recipient_name` VARCHAR(150) NOT NULL,
  `contact_number` VARCHAR(20) NOT NULL,
  `address_line` VARCHAR(255) NOT NULL,
  `city` VARCHAR(100) NOT NULL,
  `province` VARCHAR(100) NOT NULL,
  `postal_code` VARCHAR(20) NOT NULL,
  `is_default` TINYINT NOT NULL DEFAULT 0,
  `created_at` TIMESTAMP NOT NULL DEFAULT CURRENT_TIMESTAMP,
  `updated_at` TIMESTAMP NOT NULL DEFAULT CURRENT_TIMESTAMP
ON UPDATE CURRENT_TIMESTAMP,
  `address_line_2` VARCHAR(255) NULL DEFAULT NULL,
  PRIMARY KEY (`id`),
  CONSTRAINT `fk_shipping_addresses_users1`
    FOREIGN KEY (`user_id`)
    REFERENCES `fithub_app`.`users` (`id`)
    ON DELETE CASCADE
    ON UPDATE CASCADE)
ENGINE = InnoDB;

CREATE INDEX `fk_shipping_addresses_users1_idx` ON `fithub_app`.`shipping_addresses` (`user_id` ASC) ;


-- -----------------------------------------------------
-- Table `fithub_app`.`carts`
-- -----------------------------------------------------
CREATE TABLE IF NOT EXISTS `fithub_app`.`carts` (
  `id` INT NOT NULL AUTO_INCREMENT,
  `user_id` INT NOT NULL,
  `status` ENUM('active', 'checked_out', 'abandoned') NOT NULL DEFAULT 'active',
  `created_at` TIMESTAMP NOT NULL DEFAULT CURRENT_TIMESTAMP,
  `updated_at` TIMESTAMP NOT NULL DEFAULT CURRENT_TIMESTAMP
ON UPDATE CURRENT_TIMESTAMP,
  PRIMARY KEY (`id`),
  CONSTRAINT `fk_carts_users1`
    FOREIGN KEY (`user_id`)
    REFERENCES `fithub_app`.`users` (`id`)
    ON DELETE CASCADE
    ON UPDATE CASCADE)
ENGINE = InnoDB;

CREATE INDEX `fk_carts_users1_idx` ON `fithub_app`.`carts` (`user_id` ASC) ;


-- -----------------------------------------------------
-- Table `fithub_app`.`cart_items`
-- -----------------------------------------------------
CREATE TABLE IF NOT EXISTS `fithub_app`.`cart_items` (
  `id` INT NOT NULL AUTO_INCREMENT,
  `cart_id` INT NOT NULL,
  `product_variant_id` INT NOT NULL,
  `quantity` INT NOT NULL DEFAULT 1,
  `created_at` TIMESTAMP NOT NULL DEFAULT CURRENT_TIMESTAMP,
  `updated_at` TIMESTAMP NOT NULL DEFAULT CURRENT_TIMESTAMP
ON UPDATE CURRENT_TIMESTAMP,
  PRIMARY KEY (`id`),
  CONSTRAINT `fk_cart_items_carts1`
    FOREIGN KEY (`cart_id`)
    REFERENCES `fithub_app`.`carts` (`id`)
    ON DELETE CASCADE
    ON UPDATE CASCADE,
  CONSTRAINT `fk_cart_items_product_variants1`
    FOREIGN KEY (`product_variant_id`)
    REFERENCES `fithub_app`.`product_variants` (`id`)
    ON DELETE RESTRICT
    ON UPDATE CASCADE)
ENGINE = InnoDB;

CREATE INDEX `fk_cart_items_carts1_idx` ON `fithub_app`.`cart_items` (`cart_id` ASC) ;

CREATE INDEX `fk_cart_items_product_variants1_idx` ON `fithub_app`.`cart_items` (`product_variant_id` ASC) ;

-- -----------------------------------------------------
-- Table `fithub_app`.`orders`
-- -----------------------------------------------------
CREATE TABLE IF NOT EXISTS `fithub_app`.`orders` (
  `id` INT NOT NULL AUTO_INCREMENT,
  `user_id` INT NOT NULL,
  `order_number` VARCHAR(50) NOT NULL,
  `recipient_name` VARCHAR(150) NOT NULL,
  `contact_number` VARCHAR(20) NOT NULL,
  `address_line` VARCHAR(255) NOT NULL,
  `city` VARCHAR(100) NOT NULL,
  `province` VARCHAR(100) NOT NULL,
  `postal_code` VARCHAR(20) NOT NULL,
  `total_amount` DECIMAL(10,2) NOT NULL,
  `status` ENUM('pending', 'processing', 'completed', 'cancelled') NOT NULL DEFAULT 'pending',
  `created_at` TIMESTAMP NOT NULL DEFAULT CURRENT_TIMESTAMP,
  `updated_at` TIMESTAMP NOT NULL DEFAULT CURRENT_TIMESTAMP
ON UPDATE CURRENT_TIMESTAMP,
  `address_line_2` VARCHAR(255) NULL DEFAULT NULL,
  PRIMARY KEY (`id`),
  CONSTRAINT `fk_orders_users1`
    FOREIGN KEY (`user_id`)
    REFERENCES `fithub_app`.`users` (`id`)
    ON DELETE RESTRICT
    ON UPDATE CASCADE)
ENGINE = InnoDB;

CREATE UNIQUE INDEX `order_number_UNIQUE` ON `fithub_app`.`orders` (`order_number` ASC) ;

CREATE INDEX `fk_orders_users1_idx` ON `fithub_app`.`orders` (`user_id` ASC) ;


-- -----------------------------------------------------
-- Table `fithub_app`.`order_items`
-- -----------------------------------------------------
CREATE TABLE IF NOT EXISTS `fithub_app`.`order_items` (
  `id` INT NOT NULL AUTO_INCREMENT,
  `order_id` INT NOT NULL,
  `product_variant_id` INT NOT NULL,
  `quantity` INT NOT NULL DEFAULT 1,
  `unit_price` DECIMAL(10,2) NOT NULL,
  `subtotal` DECIMAL(10,2) NOT NULL,
  `created_at` TIMESTAMP NOT NULL DEFAULT CURRENT_TIMESTAMP,
  PRIMARY KEY (`id`),
  CONSTRAINT `fk_order_items_orders1`
    FOREIGN KEY (`order_id`)
    REFERENCES `fithub_app`.`orders` (`id`)
    ON DELETE CASCADE
    ON UPDATE CASCADE,
  CONSTRAINT `fk_order_items_product_variants1`
    FOREIGN KEY (`product_variant_id`)
    REFERENCES `fithub_app`.`product_variants` (`id`)
    ON DELETE RESTRICT
    ON UPDATE CASCADE)
ENGINE = InnoDB;

CREATE INDEX `fk_order_items_orders1_idx` ON `fithub_app`.`order_items` (`order_id` ASC) ;

CREATE INDEX `fk_order_items_product_variants1_idx` ON `fithub_app`.`order_items` (`product_variant_id` ASC) ;


-- -----------------------------------------------------
-- Table `fithub_app`.`payments`
-- -----------------------------------------------------
CREATE TABLE IF NOT EXISTS `fithub_app`.`payments` (
  `id` INT NOT NULL AUTO_INCREMENT,
  `order_id` INT NOT NULL,
  `amount` DECIMAL(10,2) NOT NULL,
  `payment_method` ENUM('cash_on_delivery', 'gcash', 'bank_transfer') NOT NULL,
  `payment_status` ENUM('pending', 'paid', 'failed') NOT NULL DEFAULT 'pending',
  `reference_number` VARCHAR(100) NULL,
  `paid_at` TIMESTAMP NULL DEFAULT NULL,
  `created_at` TIMESTAMP NOT NULL DEFAULT CURRENT_TIMESTAMP,
  PRIMARY KEY (`id`),
  CONSTRAINT `fk_payments_orders1`
    FOREIGN KEY (`order_id`)
    REFERENCES `fithub_app`.`orders` (`id`)
    ON DELETE RESTRICT
    ON UPDATE CASCADE)
ENGINE = InnoDB;

CREATE INDEX `fk_payments_orders1_idx` ON `fithub_app`.`payments` (`order_id` ASC) ;


-- -----------------------------------------------------
-- Table `fithub_app`.`reviews`
-- -----------------------------------------------------
CREATE TABLE IF NOT EXISTS `fithub_app`.`reviews` (
  `id` INT NOT NULL AUTO_INCREMENT,
  `user_id` INT NOT NULL,
  `product_id` INT NOT NULL,
  `rating` INT NOT NULL,
  `comment` TEXT NULL,
  `created_at` TIMESTAMP NOT NULL DEFAULT CURRENT_TIMESTAMP,
  PRIMARY KEY (`id`),
  CONSTRAINT `fk_reviews_users1`
    FOREIGN KEY (`user_id`)
    REFERENCES `fithub_app`.`users` (`id`)
    ON DELETE CASCADE
    ON UPDATE CASCADE,
  CONSTRAINT `fk_reviews_products1`
    FOREIGN KEY (`product_id`)
    REFERENCES `fithub_app`.`products` (`id`)
    ON DELETE CASCADE
    ON UPDATE CASCADE)
ENGINE = InnoDB;

CREATE UNIQUE INDEX `uq_reviews_user_product` ON `fithub_app`.`reviews` (`user_id` ASC, `product_id` ASC) ;

CREATE INDEX `fk_reviews_products1_idx` ON `fithub_app`.`reviews` (`product_id` ASC) ;

-- -----------------------------------------------------
-- Seed data for FitHub (users, categories, products, variants, images, carts, orders, payments, reviews, coupons, inventory)
-- -----------------------------------------------------

-- USERS (3) - passwords hashed with bcrypt
INSERT INTO `fithub_app`.`users` (`id`,`first_name`,`last_name`,`email`,`password`,`role`,`status`,`created_at`,`updated_at`) VALUES
(1,'System','Administrator','admin@fithub.com','$2b$10$w4Wz0hA9qvG6Zp1rXbY0NeFq3t8sC1uPzQ9vLx6mY2aB7cD8EfGhK','admin','active','2026-06-01 09:00:00','2026-06-01 09:00:00'),
(2,'Janine','Espares','Janine@gmail.com','$2b$10$u8Hc7VxL4mN2pQq9ZtY6Rb1sF3gK5wA0dL2eFvG7hJ9kPq3RsTuVw','customer','active','2026-06-05 11:12:00','2026-06-05 11:12:00'),
(3,'Stefanie','Espinar','Stefanie@gmail.com','$2b$10$z9Kf6TgM3bV5nQw1HsLp8Ry2cDeF4uA0mGhJ7sV2qX1pLk6MnNoPq','customer','active','2026-06-07 14:30:00','2026-06-07 14:30:00');

-- CATEGORIES (8)
INSERT INTO `fithub_app`.`categories` (`id`,`name`,`status`,`created_at`,`updated_at`) VALUES
(1,'Protein Supplements','active','2026-05-10 08:00:00','2026-05-10 08:00:00'),
(2,'Pre-Workout','active','2026-05-10 08:01:00','2026-05-10 08:01:00'),
(3,'Post-Workout Recovery','active','2026-05-10 08:02:00','2026-05-10 08:02:00'),
(4,'Vitamins & Nutrition','active','2026-05-10 08:03:00','2026-05-10 08:03:00'),
(5,'Gym Equipment','active','2026-05-10 08:04:00','2026-05-10 08:04:00'),
(6,'Home Workout Equipment','active','2026-05-10 08:05:00','2026-05-10 08:05:00'),
(7,'Activewear','active','2026-05-10 08:06:00','2026-05-10 08:06:00'),
(8,'Fitness Accessories','active','2026-05-10 08:07:00','2026-05-10 08:07:00');

-- PRODUCTS (50) - minimal fields (assumes full product list exists in schema for testing)
-- For brevity products/variants/images are added to align with frontend test data
INSERT INTO `fithub_app`.`products` (`id`,`category_id`,`name`,`description`,`brand`,`status`,`created_at`,`updated_at`) VALUES
(1,1,'Gold Standard Whey','Trusted whey protein for muscle recovery and performance.','Optimum Nutrition','active','2026-05-11 09:00:00','2026-05-11 09:00:00'),
(2,1,'ISO100 Whey Protein','Fast-digesting isolate for lean recovery.','Dymatize','active','2026-05-11 09:05:00','2026-05-11 09:05:00'),
(3,1,'NitroTech Whey','Advanced whey blend with creatine.','Muscletech','active','2026-05-11 09:10:00','2026-05-11 09:10:00'),
(4,1,'Rule 1 Whey Blend','Premium whey blend with great taste.','Rule One','active','2026-05-11 09:15:00','2026-05-11 09:15:00'),
(5,2,'N.O.-XPLODE Pre-Workout','High-energy pre-workout to increase focus and pumps.','Muscletech','active','2026-05-12 10:00:00','2026-05-12 10:00:00'),
(6,2,'C4 Original Pre-Workout','Popular pre-workout for energy and endurance.','Cellucor','active','2026-05-12 10:05:00','2026-05-12 10:05:00'),
(7,3,'BCAA Recovery Formula','Supports muscle recovery with BCAAs.','MyProtein','active','2026-05-12 10:10:00','2026-05-12 10:10:00'),
(8,3,'Glutamine Powder','Aids muscle repair and recovery.','Optimum Nutrition','active','2026-05-12 10:15:00','2026-05-12 10:15:00'),
(9,4,'Multivitamin Daily','Complete multivitamin for active lifestyles.','Nature Made','active','2026-05-13 11:00:00','2026-05-13 11:00:00'),
(10,8,'Resistance Bands','Set of resistance bands for all levels.','FitLife','active','2026-05-14 12:05:00','2026-05-14 12:05:00'),
(11,5,'Adjustable Dumbbell Set','Space-saving adjustable dumbbells.','Bowflex','active','2026-05-14 12:00:00','2026-05-14 12:00:00'),
(12,5,'Adjustable Bench','Incline/flat adjustable bench.','Life Fitness','active','2026-05-14 12:20:00','2026-05-14 12:20:00'),
(13,6,'Kettlebell 10kg','Cast-iron kettlebell for swings and core work.','Puma','active','2026-05-14 12:10:00','2026-05-14 12:10:00'),
(14,5,'Olympic Barbell','20kg Olympic barbell.','Rogue','active','2026-05-14 12:15:00','2026-05-14 12:15:00'),
(15,5,'Squat Rack','Heavy-duty squat rack for powerlifting.','Rogue','active','2026-05-14 12:25:00','2026-05-14 12:25:00'),
(16,8,'Yoga Mat','Non-slip high-density yoga mat.','Manduka','active','2026-05-15 13:05:00','2026-05-15 13:05:00'),
(17,8,'Foam Roller','For myofascial release and recovery.','TriggerPoint','active','2026-05-15 13:10:00','2026-05-15 13:10:00'),
(18,8,'Shaker Bottle','Leak-proof 700ml shaker bottle.','Nike','active','2026-05-15 13:15:00','2026-05-15 13:15:00'),
(19,8,'Jump Rope','Adjustable speed jump rope.','Everlast','active','2026-05-18 16:10:00','2026-05-18 16:10:00'),
(20,7,'Mens Compression Shirt','Compression tee for performance.','Under Armour','active','2026-05-16 14:00:00','2026-05-16 14:00:00'),
(21,7,'Womens High-Waist Leggings','Comfortable high-rise leggings.','Adidas','active','2026-05-16 14:05:00','2026-05-16 14:05:00'),
(22,7,'Running Shorts','Lightweight running shorts.','Nike','active','2026-05-16 14:10:00','2026-05-16 14:10:00'),
(23,7,'Training Hoodie','Warm hoodie with moisture-wicking fabric.','Puma','active','2026-05-16 14:15:00','2026-05-16 14:15:00'),
(24,1,'Mass Gainer Blend','High-calorie mass gainer for hardgainers.','Optimum Nutrition','active','2026-05-17 15:00:00','2026-05-17 15:00:00'),
(25,1,'Vegan Protein Powder','Plant-based protein for sensitive stomachs.','MyProtein','active','2026-05-17 15:05:00','2026-05-17 15:05:00'),
(26,2,'Pre-Workout Stimulant-Free','Non-stimulant preworkout for late workouts.','Rule One','active','2026-05-17 15:10:00','2026-05-17 15:10:00'),
(27,3,'Post-Workout Protein Bar','On-the-go recovery protein bar.','Dymatize','active','2026-05-18 16:00:00','2026-05-18 16:00:00'),
(28,4,'Omega-3 Fish Oil','Supports heart and joint health.','Nordic Naturals','active','2026-05-18 16:05:00','2026-05-18 16:05:00'),
(29,6,'Adjustable Ankle Weights','Adds resistance for walks and sprints.','Puma','active','2026-05-19 17:00:00','2026-05-19 17:00:00'),
(30,6,'Pull-Up Bar','Doorway pull-up bar for home workouts.','Puma','active','2026-05-19 17:05:00','2026-05-19 17:05:00'),
(31,5,'Compact Treadmill','Folding treadmill for small spaces.','Life Fitness','active','2026-05-19 17:00:00','2026-05-19 17:00:00'),
(32,5,'Elliptical Trainer','Low-impact elliptical for home use.','Bowflex','active','2026-05-19 17:05:00','2026-05-19 17:05:00'),
(33,8,'Wrist Wraps','Support for wrists during heavy lifts.','Rogue','active','2026-05-19 17:10:00','2026-05-19 17:10:00'),
(34,8,'Weight Lifting Gloves','Protects hands and improves grip.','Everlast','active','2026-05-20 18:00:00','2026-05-20 18:00:00'),
(35,1,'Hydrolyzed Collagen Protein','Supports joints and recovery.','MyProtein','active','2026-05-20 18:05:00','2026-05-20 18:05:00'),
(36,4,'Electrolyte Drink Mix','Replenishes electrolytes during workouts.','Nuun','active','2026-05-20 18:10:00','2026-05-20 18:10:00'),
(37,1,'Gold Standard Whey (Chocolate)','Classic chocolate flavor tub of Gold Standard.','Optimum Nutrition','active','2026-05-22 20:05:00','2026-05-22 20:05:00'),
(38,8,'Protein Shaker Pro XL','Large shaker with built-in mixer ball.','Nike','active','2026-05-21 19:00:00','2026-05-21 19:00:00'),
(39,6,'Resistance Trainer Home Gym','All-in-one home resistance trainer.','Bowflex','active','2026-05-21 19:05:00','2026-05-21 19:05:00'),
(40,8,'Gym Towel Microfiber','Quick-dry microfiber gym towel.','Nike','active','2026-05-22 20:00:00','2026-05-22 20:00:00'),
(41,1,'Casein Night Protein','Slow-digesting casein for overnight recovery.','Optimum Nutrition','active','2026-05-22 20:05:00','2026-05-22 20:05:00'),
(42,1,'Whey Isolate Natural','Unflavored whey isolate concentrate.','Dymatize','active','2026-05-22 20:10:00','2026-05-22 20:10:00'),
(43,2,'Nitric Oxide Booster','Supports pumps and blood flow.','Muscletech','active','2026-05-23 21:00:00','2026-05-23 21:00:00'),
(44,8,'Jump Rope Speed','Adjustable speed rope for cardio.','Everlast','active','2026-05-18 16:10:00','2026-05-18 16:10:00'),
(45,5,'Adjustable Dumbbells Set','Adjustable dumbbells for compact gyms.','Bowflex','active','2026-05-14 12:00:00','2026-05-14 12:00:00'),
(46,7,'Training Socks 3-Pack','Cushioned athletic socks.','Puma','active','2026-05-24 22:00:00','2026-05-24 22:00:00'),
(47,4,'Probiotic Daily','Supports gut health for active digestion.','NOW Foods','active','2026-05-24 22:05:00','2026-05-24 22:05:00'),
(48,8,'Phone Armband','Adjustable armband for phone during runs.','Nike','active','2026-05-24 22:10:00','2026-05-24 22:10:00'),
(49,6,'Stability Ball 65cm','Anti-burst stability ball for core and balance.','Puma','active','2026-05-25 23:00:00','2026-05-25 23:00:00'),
(50,50,'Leg Press Attachment','Plate-loaded leg press attachment.','Life Fitness','active','2026-05-25 23:05:00','2026-05-25 23:05:00');

-- PRODUCT IMAGES (2 each for products 1-50)
INSERT INTO `fithub_app`.`product_images` (`product_id`,`image_path`,`is_primary`,`created_at`) VALUES
(1,'products/product-1-1.jpg',1,'2026-05-11 09:01:00'),
(1,'products/product-1-2.jpg',0,'2026-05-11 09:01:30'),
(2,'products/product-2-1.jpg',1,'2026-05-11 09:02:00'),
(2,'products/product-2-2.jpg',0,'2026-05-11 09:02:30'),
(3,'products/product-3-1.jpg',1,'2026-05-11 09:03:00'),
(3,'products/product-3-2.jpg',0,'2026-05-11 09:03:30'),
(4,'products/product-4-1.jpg',1,'2026-05-11 09:04:00'),
(4,'products/product-4-2.jpg',0,'2026-05-11 09:04:30'),
(5,'products/product-5-1.jpg',1,'2026-05-11 09:05:00'),
(5,'products/product-5-2.jpg',0,'2026-05-11 09:05:30'),
(6,'products/product-6-1.jpg',1,'2026-05-11 09:06:00'),
(6,'products/product-6-2.jpg',0,'2026-05-11 09:06:30'),
(7,'products/product-7-1.jpg',1,'2026-05-11 09:07:00'),
(7,'products/product-7-2.jpg',0,'2026-05-11 09:07:30'),
(8,'products/product-8-1.jpg',1,'2026-05-11 09:08:00'),
(8,'products/product-8-2.jpg',0,'2026-05-11 09:08:30'),
(9,'products/product-9-1.jpg',1,'2026-05-11 09:09:00'),
(9,'products/product-9-2.jpg',0,'2026-05-11 09:09:30'),
(10,'products/product-10-1.jpg',1,'2026-05-11 09:10:00'),
(10,'products/product-10-2.jpg',0,'2026-05-11 09:10:30'),
(11,'products/product-11-1.jpg',1,'2026-05-11 09:11:00'),
(11,'products/product-11-2.jpg',0,'2026-05-11 09:11:30'),
(12,'products/product-12-1.jpg',1,'2026-05-11 09:12:00'),
(12,'products/product-12-2.jpg',0,'2026-05-11 09:12:30'),
(13,'products/product-13-1.jpg',1,'2026-05-11 09:13:00'),
(13,'products/product-13-2.jpg',0,'2026-05-11 09:13:30'),
(14,'products/product-14-1.jpg',1,'2026-05-11 09:14:00'),
(14,'products/product-14-2.jpg',0,'2026-05-11 09:14:30'),
(15,'products/product-15-1.jpg',1,'2026-05-11 09:15:00'),
(15,'products/product-15-2.jpg',0,'2026-05-11 09:15:30'),
(16,'products/product-16-1.jpg',1,'2026-05-11 09:16:00'),
(16,'products/product-16-2.jpg',0,'2026-05-11 09:16:30'),
(17,'products/product-17-1.jpg',1,'2026-05-11 09:17:00'),
(17,'products/product-17-2.jpg',0,'2026-05-11 09:17:30'),
(18,'products/product-18-1.jpg',1,'2026-05-11 09:18:00'),
(18,'products/product-18-2.jpg',0,'2026-05-11 09:18:30'),
(19,'products/product-19-1.jpg',1,'2026-05-11 09:19:00'),
(19,'products/product-19-2.jpg',0,'2026-05-11 09:19:30'),
(20,'products/product-20-1.jpg',1,'2026-05-11 09:20:00'),
(20,'products/product-20-2.jpg',0,'2026-05-11 09:20:30'),
(21,'products/product-21-1.jpg',1,'2026-05-11 09:21:00'),
(21,'products/product-21-2.jpg',0,'2026-05-11 09:21:30'),
(22,'products/product-22-1.jpg',1,'2026-05-11 09:22:00'),
(22,'products/product-22-2.jpg',0,'2026-05-11 09:22:30'),
(23,'products/product-23-1.jpg',1,'2026-05-11 09:23:00'),
(23,'products/product-23-2.jpg',0,'2026-05-11 09:23:30'),
(24,'products/product-24-1.jpg',1,'2026-05-11 09:24:00'),
(24,'products/product-24-2.jpg',0,'2026-05-11 09:24:30'),
(25,'products/product-25-1.jpg',1,'2026-05-11 09:25:00'),
(25,'products/product-25-2.jpg',0,'2026-05-11 09:25:30'),
(26,'products/product-26-1.jpg',1,'2026-05-11 09:26:00'),
(26,'products/product-26-2.jpg',0,'2026-05-11 09:26:30'),
(27,'products/product-27-1.jpg',1,'2026-05-11 09:27:00'),
(27,'products/product-27-2.jpg',0,'2026-05-11 09:27:30'),
(28,'products/product-28-1.jpg',1,'2026-05-11 09:28:00'),
(28,'products/product-28-2.jpg',0,'2026-05-11 09:28:30'),
(29,'products/product-29-1.jpg',1,'2026-05-11 09:29:00'),
(29,'products/product-29-2.jpg',0,'2026-05-11 09:29:30'),
(30,'products/product-30-1.jpg',1,'2026-05-11 09:30:00'),
(30,'products/product-30-2.jpg',0,'2026-05-11 09:30:30'),
(31,'products/product-31-1.jpg',1,'2026-05-11 09:31:00'),
(31,'products/product-31-2.jpg',0,'2026-05-11 09:31:30'),
(32,'products/product-32-1.jpg',1,'2026-05-11 09:32:00'),
(32,'products/product-32-2.jpg',0,'2026-05-11 09:32:30'),
(33,'products/product-33-1.jpg',1,'2026-05-11 09:33:00'),
(33,'products/product-33-2.jpg',0,'2026-05-11 09:33:30'),
(34,'products/product-34-1.jpg',1,'2026-05-11 09:34:00'),
(34,'products/product-34-2.jpg',0,'2026-05-11 09:34:30'),
(35,'products/product-35-1.jpg',1,'2026-05-11 09:35:00'),
(35,'products/product-35-2.jpg',0,'2026-05-11 09:35:30'),
(36,'products/product-36-1.jpg',1,'2026-05-11 09:36:00'),
(36,'products/product-36-2.jpg',0,'2026-05-11 09:36:30'),
(37,'products/product-37-1.jpg',1,'2026-05-11 09:37:00'),
(37,'products/product-37-2.jpg',0,'2026-05-11 09:37:30'),
(38,'products/product-38-1.jpg',1,'2026-05-11 09:38:00'),
(38,'products/product-38-2.jpg',0,'2026-05-11 09:38:30'),
(39,'products/product-39-1.jpg',1,'2026-05-11 09:39:00'),
(39,'products/product-39-2.jpg',0,'2026-05-11 09:39:30'),
(40,'products/product-40-1.jpg',1,'2026-05-11 09:40:00'),
(40,'products/product-40-2.jpg',0,'2026-05-11 09:40:30'),
(41,'products/product-41-1.jpg',1,'2026-05-11 09:41:00'),
(41,'products/product-41-2.jpg',0,'2026-05-11 09:41:30'),
(42,'products/product-42-1.jpg',1,'2026-05-11 09:42:00'),
(42,'products/product-42-2.jpg',0,'2026-05-11 09:42:30'),
(43,'products/product-43-1.jpg',1,'2026-05-11 09:43:00'),
(43,'products/product-43-2.jpg',0,'2026-05-11 09:43:30'),
(44,'products/product-44-1.jpg',1,'2026-05-11 09:44:00'),
(44,'products/product-44-2.jpg',0,'2026-05-11 09:44:30'),
(45,'products/product-45-1.jpg',1,'2026-05-11 09:45:00'),
(45,'products/product-45-2.jpg',0,'2026-05-11 09:45:30'),
(46,'products/product-46-1.jpg',1,'2026-05-11 09:46:00'),
(46,'products/product-46-2.jpg',0,'2026-05-11 09:46:30'),
(47,'products/product-47-1.jpg',1,'2026-05-11 09:47:00'),
(47,'products/product-47-2.jpg',0,'2026-05-11 09:47:30'),
(48,'products/product-48-1.jpg',1,'2026-05-11 09:48:00'),
(48,'products/product-48-2.jpg',0,'2026-05-11 09:48:30'),
(49,'products/product-49-1.jpg',1,'2026-05-11 09:49:00'),
(49,'products/product-49-2.jpg',0,'2026-05-11 09:49:30'),
(50,'products/product-50-1.jpg',1,'2026-05-11 09:50:00'),
(50,'products/product-50-2.jpg',0,'2026-05-11 09:50:30');

-- SHIPPING ADDRESSES
INSERT INTO `fithub_app`.`shipping_addresses` (`id`,`user_id`,`recipient_name`,`contact_number`,`address_line`,`city`,`province`,`postal_code`,`is_default`,`created_at`,`address_line_2`) VALUES
(1,2,'Janine Espares','09171234567','123 Rizal St., Brgy. Malinis','Makati','Metro Manila','1200',1,'2026-06-05 11:20:00',NULL),
(2,3,'Stefanie Espinar','09179876543','45 Bonifacio Ave., Brgy. Luntian','Quezon City','Metro Manila','1100',1,'2026-06-07 14:35:00','Apt 5B');

-- COUPONS
CREATE TABLE IF NOT EXISTS `fithub_app`.`coupons` (
  `id` INT NOT NULL AUTO_INCREMENT,
  `code` VARCHAR(50) NOT NULL,
  `type` ENUM('percent','fixed') NOT NULL,
  `value` DECIMAL(10,2) NOT NULL,
  `status` ENUM('active','inactive') NOT NULL DEFAULT 'active',
  `created_at` TIMESTAMP NOT NULL DEFAULT CURRENT_TIMESTAMP,
  PRIMARY KEY (`id`)
) ENGINE = InnoDB;

INSERT INTO `fithub_app`.`coupons` (`id`,`code`,`type`,`value`,`status`,`created_at`) VALUES
(1,'FIT10','percent',10.00,'active','2026-05-01 08:00:00'),
(2,'WELCOME100','fixed',100.00,'active','2026-05-01 08:05:00'),
(3,'SUMMER15','percent',15.00,'active','2026-05-01 08:10:00');

-- INVENTORY
CREATE TABLE IF NOT EXISTS `fithub_app`.`inventory` (
  `id` INT NOT NULL AUTO_INCREMENT,
  `product_variant_id` INT NOT NULL,
  `current_stock` INT NOT NULL DEFAULT 0,
  `reserved_stock` INT NOT NULL DEFAULT 0,
  `sold_quantity` INT NOT NULL DEFAULT 0,
  `updated_at` TIMESTAMP NOT NULL DEFAULT CURRENT_TIMESTAMP ON UPDATE CURRENT_TIMESTAMP,
  PRIMARY KEY (`id`),
  CONSTRAINT `fk_inventory_product_variants1`
    FOREIGN KEY (`product_variant_id`)
    REFERENCES `fithub_app`.`product_variants` (`id`)
    ON DELETE CASCADE
    ON UPDATE CASCADE
) ENGINE = InnoDB;


SET SQL_MODE=@OLD_SQL_MODE;
SET FOREIGN_KEY_CHECKS=@OLD_FOREIGN_KEY_CHECKS;
SET UNIQUE_CHECKS=@OLD_UNIQUE_CHECKS;
